Ticker,PE_Ratio,PB_Ratio,EV_EBITDA,EPS,ROE,ROA,Profit_Margin,Operating_Margin,Revenue_Growth,Earnings_Growth,Debt_to_Equity,Current_Ratio,Quick_Ratio,Free_Cash_Flow,Operating_Cash_Flow,Dividend_Yield,Market_Cap,Total_Revenue,Total_Debt,Last_Close,52W_High,52W_Low,Price_SMA20_Ratio,Price_SMA50_Ratio,Price_SMA200_Ratio,Price_EMA12_Ratio,Price_EMA26_Ratio,RSI,MACD,MACD_Signal,MACD_Hist,BB_Bandwidth,BB_PctB,Volatility_20D,Volatility_Full,Momentum_10D,Return_1M,Return_3M,Return_6M,Return_12M,Volume_Ratio,ATR_Pct,Dist_52W_High,Dist_52W_Low,OBV_Slope
AAPL,34.24208,45.04335,26.095,7.89,1.5202099,0.24377,0.27037,0.35374,0.157,0.183,102.63,0.974,0.845,9033812480.0,135471996928.0,0.38,3966403870720.0,435617005568.0,90509000704.0,270.1700134277344,288.35019153510143,192.41139491378883,1.021969930271538,1.0363754219095218,1.0626828458111943,1.00813187914007,1.0223042402330331,57.53499571444177,3.715196963237986,3.1083028444391716,0.6068941187988144,0.0969168652905398,0.7266884118226066,0.24150712634754007,0.2839319437731613,0.01403753651903732,0.09544665320063968,0.0545265843900023,0.006975059969113731,0.29127019138675375,0.7316122951480055,0.02123177752217553,0.055093404312705575,0.3877817351733459,553710.9022556263
MSFT,26.595238,8.067281,18.177,15.96,0.34390998,0.1486,0.39044,0.47094002,0.167,0.598,31.539,1.386,1.239,53640626176.0,14813499904.0,0.86,3154747064320.0,305453006848.0,123278000128.0,424.4599914550781,552.2420017670738,356.2799987792969,1.0569130773711508,1.0729280472587734,0.9078345383324684,1.0186526549825132,1.0456298754868854,61.77025651515752,10.750529567566844,7.572593421804489,3.177936145762355,0.23979560506357397,0.7373399518980436,0.2987164155577766,0.2455399135852945,0.03219685374026604,0.18247158892134352,-0.1166895675580105,-0.19810168210229231,0.0934387566184361,1.141985936944476,0.02400804849432319,0.2137085353751604,0.1897300908872475,15138290.751879698
NVDA,42.704082,32.33158,37.782,4.9,1.01485,0.08571,0.55603004,0.65024,0.0895,0.956,7.255,3.905,3.141,58128998400.0,102717997056.0,0.02,297780387840.0,215938007040.0,11411999744.0,209.25,216.8300018310547,104.05547701680861,1.0731869918580845,1.120731647294863,1.1399461619770215,1.0291985500946281,1.071373511715072,65.41837468311347,8.003502633564011,6.199757366453918,1.8037452671100933,0.25256485308207544,0.7897750457554799,0.2851485250938558,0.4850258889765056,0.052194927026049893,0.2668765654762988,0.09263427217568061,0.09286632864500481,0.924945366403565,0.8388934537954127,0.02820821371415835,0.03397812007577196,0.9215876019880336,-4090.30075188497
AMZN,31.464117,6.86681,19.757,8.36,0.22286,0.06928,0.108339995,0.10533,0.136,0.05,43.435,1.051,0.844,23793125376.0,139514003456.0,2.19,2828798525440.0,66730500096.0,178546999296.0,263.0400085449219,265.9100036621094,178.85000610351562,1.0882170129678732,1.183120066619775,1.1589781856908046,1.0413166393951232,1.0945771574399419,75.5108174889822,12.291305339514963,10.782417036241789,1.5088883032731744,0.2977268749131501,0.7963018135114847,0.2815721372586171,0.32221548769636593,0.058511100784393866,0.30898239631559654,0.08242465121130023,0.1589197124299465,0.40138525744065146,1.5179596171067273,0.024466218555551703,0.003598551932252107,0.42630957139449466,23929093.834586445
GOOGL,26.672256,10.186592,27.79,13.12,0.35705003,0.15427,0.32810003,0.31568,0.18,0.311,16.133,2.005,1.847,38088376320.0,14813499904.0,0.24,297780387840.0,402835996672.0,66995998720.0,349.94000244140625,355.7900085449219,147.32915702645502,1.0663895706203979,1.1209936118178427,1.2550084682448936,1.0327030907651031,1.0697204684814003,71.18888377017304,11.726096347543546,9.616342031769022,2.1097543157745235,0.21234247021294253,0.8126532838853231,0.24705777187112218,0.29273506628210033,0.038028024175078494,0.27948812592835925,0.04219018160292752,0.30135341806836274,1.186373549435409,1.416641655122747,0.023477264759561675,0.0011417306064552073,0.2650742798647562,7692931.052631511
META,24.331636,7.7925167,16.646,27.5,0.30238,0.16212,0.30084,0.41314998,0.238,0.107,39.164,2.599,2.423,23432374272.0,115799998464.0,0.31,1698509750272.0,200965996544.0,85080997888.0,669.1199951171875,794.3843975355859,520.260009765625,1.0394759003301588,1.0596366120763132,0.986439802451763,1.0097780987789178,1.0357190575437933,58.61546627355172,16.59671425646161,14.020072251781048,2.5766420046805614,0.24295861847263536,0.662479934148148,0.3338403740874324,0.35532817128608274,-0.0036630362876433667,0.24747378542452536,0.0014399248604584649,-0.1073238554681886,0.22095443910453452,1.2730169940688576,0.026720796291701276,0.1510234659820044,0.27276883589237044,7364971.278195485
TSLA,25.675741000000002,17.025164,17.82,1.08,0.04901,0.022330001,0.03946,0.04203,0.158,0.083,18.738,2.043,1.43,5251999744.0,16528000000.0,2.19,1400133779456.0,97878999040.0,15889999872.0,372.79998779296875,498.8299865722656,270.7799987792969,1.0046932911802067,0.9690007798800374,0.9278419615985015,0.988811278152116,0.9869140251513961,47.15924346997381,-0.7247836800691516,-1.9038840981621257,1.179100418092974,0.18920138052109847,0.5248057977551771,0.4418629140455807,0.26224286028851407,-0.04885833350592498,0.049313186990172925,-0.13595699444641746,-0.1759869662518443,0.3040435897074591,0.6617335476902031,0.03779933841224805,0.2389973379661643,0.35391312703591365,9330966.541353352
BRK-B,15.315077,0.0009533092,-2.125,7.195,0.09809,0.051090002,0.18029,0.32956,-0.007,-0.025,18.809,1.1465,0.7705,36799623168.0,45968998400.0,2.19,1025333329920.0,371443990528.0,135370997760.0,475.3800048828125,542.0700073242188,455.19000244140625,0.9998654019492901,0.9832741293676095,0.970412414143579,1.0031511822641046,0.9973109197927272,48.105286534221904,-2.775085145073035,-3.4603271815024406,0.6852420364294054,0.03856176479032441,0.4965095464006443,0.10598780341202854,0.17241933601174764,0.0027210203861852164,0.0015168777970508418,0.00399166759048476,-0.02600037341154717,-0.10464458752987871,0.7003888462749236,0.013023219739925884,0.1193404675193573,0.03543817396781572,-1381173.6842105289
JPM,14.789575,2.4088643,17.82,20.91,0.16465001,0.01272,0.33936,0.43051997,0.127,0.172,66.509,1.1465,0.7705,9033812480.0,14813499904.0,1.94,828635414528.0,173559005184.0,43889999872.0,309.25,334.1598441675407,233.88146850985436,1.0049922961447668,1.0363636656317394,1.0241942765931018,0.9987750793733203,1.012248701560534,55.259300376717256,4.121346673906487,4.413445700359365,-0.29209902645287755,0.08841924331077188,0.5564616474631006,0.195998118128281,0.25128643009600105,0.010852179922539435,0.09536829156771585,0.03345639756017292,0.02658149560611947,0.2962104072217317,0.9783044640604066,0.019682884877843688,0.0710597953628086,0.2887919908861896,1333337.5939849578
JNJ,26.313658,6.713421,16.904,8.64,0.26416,0.08424,0.21834,0.27408,0.099,-0.529,67.73,1.025,0.689,12511375360.0,22869999616.0,2.36,547280781312.0,96361996288.0,54987001856.0,227.35000610351562,251.7100067138672,142.1591699321315,0.9685513953490511,0.9508322300987029,1.1140660525973987,0.9869471622372037,0.9723930555157199,37.76668997610026,-3.447821504647038,-2.52695864825598,-0.9208628563910581,0.10704340604630959,0.2062069882441575,0.16580400239377235,0.17993260980398512,-0.04742947229344134,-0.06243556042178919,0.003682668728693499,0.20866942050409648,0.5042445541640649,0.9291499186957657,0.020105746740611122,0.08533147595512924,0.5966412218975753,-3760902.9323308356
V,29.143602,16.714584,20.113,11.49,0.60349,0.1936,0.51679003,0.67346,0.171,0.267,67.233,1.088,0.669,20974249984.0,22755999744.0,0.8,636993208320.0,43027001344.0,23975999488.0,334.8599853515625,373.33954825373667,293.8900146484375,1.0796937135959368,1.0792569922324717,1.0084725403412218,1.0670257724327172,1.075230087801956,72.36208283454069,2.3945796206187993,0.6874073431523336,1.7071722774664657,0.09573275968441589,1.332460213814457,0.32728261108042683,0.21953595656005617,0.05998538023418094,0.11791405421337466,0.026211062179305886,-0.03336452764925502,-0.0004264226058456791,2.5135937156760093,0.023180367475145076,0.09778269330402435,0.13312127030456342,766952.6315789408
UNH,28.00151,3.5691316,17.96,13.24,0.121759996,0.03783,0.02678,0.080469996,0.02,0.007,73.982,0.798,0.507,17687500800.0,23153000448.0,2.38,336710959104.0,449713012736.0,77917003776.0,370.739990234375,410.1835258700657,229.78581520843133,1.1470010555303214,1.246377628912311,1.191669953047483,1.0786122619578962,1.1480435484710256,85.37182280693771,20.787436287482706,15.840818580572389,4.946617706910317,0.353697455744696,0.9156124200012028,0.405046973182779,0.4223094840423145,0.18051267201060367,0.41617318512275403,0.27073749252624757,0.027745402140105555,-0.09239474302925718,0.977386170711201,0.02608282127964109,0.07351207513055277,0.5919050911537511,5183907.518796997
XOM,23.085075,2.491904,11.644,6.7,0.110810004,0.04902,0.089049995,0.09527001,-0.013,-0.11,18.936,1.153,0.764,12229749760.0,51969998848.0,2.66,642895052800.0,323904995328.0,50487001088.0,154.6699981689453,176.41000366210938,98.7297012111472,1.0108390490655463,0.999715596779484,1.224502839319233,1.022026843877789,1.0108120485719645,52.8333925176759,-1.679054213028337,-1.6150158927254603,-0.0640383203028767,0.13734387127221206,0.5789190588931595,0.3403205581672515,0.23484005798339255,0.03798405389411459,-0.0979763394888773,0.13171194037832726,0.35469017791943,0.47274550951470073,0.7351318660867735,0.029014155700509303,0.0979763394888773,0.5567544165326811,-2080961.9548872209
PG,21.412281,6.3454795,14.645,6.84,0.31112,0.10925999,0.19162,0.23047,0.074,0.058,67.651,0.732,0.487,12733750272.0,19409999872.0,2.91,341046624256.0,86716997632.0,37026000896.0,146.4600067138672,166.2087279699122,135.62848383699432,1.0171770118787784,0.9834836300244024,0.9859829405795272,1.0064380428973891,1.0068119577919332,52.16518695126479,0.054045110035247035,-0.8751510843840948,0.9291961944193419,0.06867073405924268,0.7501358419142539,0.22543186779757207,0.18292725920714814,0.029173230524695476,0.019643838637461192,0.001512535545263534,-0.020623788904412996,-0.06905673743594579,1.0434276397346263,0.02013431489957938,0.11744698559838407,0.07657614258034305,292519.24812029785
MA,31.755136,60.69216,23.236,16.54,0.245135,0.23719999,0.45646998,0.57733,0.176,0.242,256.042,1.035,0.681,16269375488.0,17648001024.0,0.66,464501080064.0,32790999040.0,19832999936.0,525.22998046875,599.0458118803059,479.6756969999703,1.0343779874857577,1.035625278615514,0.9598839241765043,1.0283690825903904,1.0322466194425384,61.31166405814478,1.9185492906428863,0.9116525833547414,1.0068967072881447,0.07267644806031844,0.9730278983533336,0.20687949914787832,0.21190395633794484,0.010135314780740754,0.06504570465819064,0.009134711905239911,-0.07938555866443546,-0.011520321262259266,1.811341824946092,0.0220007879849493,0.11910897972921514,0.08651201314617002,167041.80451127642
HD,22.66924,25.09406,15.435,14.24,1.45541,0.12977,0.08596,0.100760005,-0.038,-0.142,66.509,1.061,0.215,8622749696.0,16325000192.0,2.89,321527676928.0,164683005952.0,65908998144.0,322.80999755859375,421.1917041257131,315.30999755859375,0.9616527502012543,0.9363249337126586,0.8787409745142004,0.9641194718367342,0.9566742512736868,37.68960409863123,-2.6057311537302326,-1.7409219051934746,-0.864809248536758,0.10176560833551418,0.1231806557641999,0.31460638435423954,0.22974282200474985,-0.04750525487458672,-0.0021329287215030913,-0.13411090459046127,-0.15106288105645413,-0.0727062716628267,1.189894448087024,0.02587341041665498,0.22755188910927876,0.012673741833170504,-72001.9548872167
LLY,37.041344,28.70376,25.15,22.98,1.01159,0.19415002,0.31667,0.44896,0.426,0.514,165.31,1.579,0.777,1951000064.0,16812999680.0,0.73,760434786304.0,65179000832.0,43865001984.0,209.7750015258789,258.8100051879883,620.4646509007584,0.9290758620305566,0.895470246879681,0.9375909213555588,0.9514382325547429,0.9299443399209625,33.284454373766664,-20.67827224691962,-16.10687126180208,-4.571400985117538,0.12267130830860147,-0.07816402993780071,0.30229309416430394,0.37462219073771363,-0.05946764812437433,-0.03994900095315156,-0.16719012534882233,0.033243744016029024,-0.022543856907102793,1.3212713620984977,0.03130315479326437,0.2318226198755447,0.36779082102217225,-1165264.8872180493
MRK,15.240384,5.2192116,10.663,7.28,0.36882,0.12042,0.28078,0.32773998,0.05,-0.193,95.959,1.536,0.963,11886749696.0,16472000512.0,3.06,274033098752.0,65010999296.0,50533998592.0,110.94999694824219,124.21993517165414,70.74024076787555,0.9475050359447675,0.9429600113843787,1.1269762987260297,0.9748969912492655,0.958652621576477,37.92968273667497,-1.9284579098294614,-0.9416880159898897,-0.9867698938395717,0.14593104159403752,0.14027554739678286,0.27664616314595053,0.2702606739524787,-0.058948299301855404,-0.06054192733495814,0.04557316419073694,0.2809896884404865,0.38214227501065656,1.0919251699843573,0.02614055298243274,0.09928562531769788,0.5649984255785058,-3950157.4436090225
ABBV,99.94608,6.23229275,17.82,2.04,0.245135,0.08571,0.05786,0.31555998,0.124,-0.458,66.509,1.1465,0.7705,9033812480.0,14813499904.0,3.39,360632942592.0,62819000320.0,43889999872.0,203.88999938964844,239.13390543920303,170.99918798723203,0.9936726366377076,0.9534832368044659,0.9508240319641154,1.005912192861252,0.9884892725241539,45.986189701009856,-3.5726036910135406,-3.422841868291448,-0.14976182272209249,0.0839023246201884,0.42458655477145224,0.24775651602545878,0.25996070143686717,-0.021734952591376845,-0.03537207644783146,-0.05985501143507862,-0.09119162604321128,0.09458433616653766,1.5598760053569045,0.027790135028592247,0.1458812646326761,0.18649892939132917,-1399393.0827067685
CVX,28.992458,2.0415273,11.419,6.63,0.07231,0.03794,0.06661,0.09462,-0.082,-0.238,24.323,1.155,0.724,13200749568.0,33938999296.0,3.7,382882775040.0,184654004224.0,46742999040.0,192.22000122070312,214.7100067138672,128.36338363956017,1.0121769808203231,0.9978239184508121,1.1718949576154505,1.019898649367769,1.0094006708700913,52.64163797185752,-1.96012446312443,-1.9670137301113315,0.006889266986901621,0.11281808282566964,0.6079346547586654,0.31102636787183824,0.23227981361131017,0.03953273167389845,-0.087750960580968,0.14223722476902423,0.263962978503861,0.4337633372519789,0.7650234968527598,0.026391082274818702,0.08965187413200504,0.4824373375666282,-2628511.4285714338
PEP,24.378336,9.934745,13.602,6.37,0.43879002,0.090909995,0.09149,0.16961999,0.085,0.278,244.837,0.897,0.667,8746250240.0,13100999680.0,3.66,212272250880.0,95448997888.0,52728000512.0,155.2899932861328,169.96153592478052,122.82982249830293,0.9967361253497105,0.9836282937746281,1.0513503491483704,0.998415835261832,0.9965998670758912,48.55040728737198,-0.28341277446554614,-0.3136688156047534,0.030256041139207268,0.03474669551581765,0.4060666172182123,0.18292474052119764,0.20405936550107154,0.002841376592023255,-0.009756497682867071,0.05506650585252746,0.03655778504209803,0.20746457692524448,0.7013460070769444,0.019982651627517476,0.08101726394477156,0.25737972383714197,-2307748.646616542
KO,24.801888,10.090839,22.226,3.18,0.43372002,0.09512,0.278,0.3495,0.121,0.182,122.824,1.358,0.782,3165499904.0,14631000064.0,2.61,339377618944.0,49284001792.0,43889999872.0,78.87000274658203,81.44001888827108,64.45102779330306,1.0324717704064368,1.0242679206166163,1.109084354602915,1.0294715059005612,1.0321354849920445,61.63593588407588,0.19773867871126072,-0.1089912869970105,0.3067299657082712,0.06122726927120302,1.0303481731743542,0.21932169844981392,0.1632319413744952,0.04727134913553112,0.03408950069426793,0.08694658787280547,0.14145148798961904,0.1304685731532483,1.3192307331528959,0.018597984884210442,0.02633257946424434,0.2177568835108494,-2459891.6541353473
COST,51.825115,26.789795,32.775,19.27,0.29650998,0.08718,0.029860001,0.036730003,0.215,0.455,60.257,1.058,0.54,6690375168.0,15011000320.0,0.59,443062484992.0,286265016320.0,10227999744.0,209.7750015258789,258.8100051879883,167.2595961298465,0.9959257042827947,1.0026511075373563,1.0528470485141828,0.9983786677879117,1.000445647224923,50.320071034098845,2.0666615552499934,2.6950303123751262,-0.6283687571251328,0.05896311975000955,0.43090094732979817,0.19104503596055253,0.20296347540858986,0.014135550048394263,0.0020971379964204975,0.04085669770833789,0.07700075248229639,0.026164605437160482,0.8581858137671083,0.017802077170540723,0.05110793129557083,0.1765109941470009,34162.105263158046
AVGO,78.72816,24.040915,52.973,5.15,0.33370999,0.10663,0.36571997,0.44943002,0.295,0.316,82.704,1.902,1.671,25503750144.0,29684000768.0,0.64,1919671336960.0,68281999360.0,66056998912.0,405.45001220703125,429.30999755859375,182.54096867254592,1.0660731631734348,1.1727142139566684,1.2009367086601221,1.014131500815607,1.074079809235697,64.1801508769391,22.314308098749507,-0.21133005130088195,0.9911489226467722,0.38379491834290314,0.672157472690666,0.414163767271748,0.5376837809571059,0.022005472271289513,0.3818547668672777,0.21924298529378025,0.1243693938776144,1.1236305012022938,0.7256877667370892,0.031881333819207366,0.04094521042373493,1.138071842044703,14519987.293233063
MCD,24.274477,6.23229275,17.824,11.95,0.245135,0.13508001,0.3185,0.45071,0.097,0.082,66.509,0.955,0.743,6296124928.0,10551000064.0,2.56,206196867072.0,26884999168.0,54829998080.0,290.0799865722656,339.8515172928989,278.63186715800936,0.9562535288563724,0.9209683310302749,0.9447214227536883,0.9699885560380042,0.9524254735457677,31.713160611595242,-5.514687340808507,-4.345986688519741,-1.1687006522887664,0.07960424586499884,-0.04954947023576444,0.1851201039391122,0.18297832124346544,-0.05283100201603742,-0.059799735131199475,-0.06745378396117294,-0.053384320941893125,-0.06319034875270314,1.130096753860189,0.01727570361745404,0.14472397755217176,0.033503334274198986,-364999.6240601523
WMT,46.890106,10.23998,24.639,2.73,0.21847,0.06834,0.0307,0.04567,0.056,-0.19,64.443,0.79,0.204,10554250240.0,41564999680.0,0.77,1020366487552.0,66730500096.0,68425998336.0,128.00999450683594,134.4141406494094,91.30200698383167,1.0070368681547044,1.0210739924964698,1.1462267811634128,1.0004141156634527,1.0097635526180877,53.63782453892325,1.1847585038953952,1.1397482568719681,0.04501024702342704,0.07144714023255425,0.5984905502417593,0.26068811395401564,0.23387499813047372,0.026049954432163853,0.036518174144420545,0.10039212291371132,0.23034535777707071,0.3562895125764061,1.0010895115265712,0.02087146905487709,0.04195454331590961,0.36694315615797224,6633510.60150375
BAC,13.154229,1.3676805,17.82,4.02,0.10644,0.00927,0.28956,0.35956,0.118,0.233,66.509,1.1465,0.7705,9033812480.0,14813499904.0,2.12,377029558272.0,109590003712.0,43889999872.0,52.880001068115234,57.226487784651276,37.96605872048864,1.0093529510711776,1.0504000114013412,1.038005576194103,1.0045268447868876,1.020044527313819,58.381961671641356,0.8008250330897866,0.9118950021562102,-0.11106996906642363,0.11174401208807386,0.5836997964938452,0.18527544349001732,0.2528692409690369,-0.02650954776876024,0.119627388961253,0.0264223029524707,0.008210022144411352,0.3592103971713249,0.7930560823502212,0.021517546122358622,0.07111023106025578,0.3558021132914757,12444153.007518766
CRM,23.263159,2.8465962,13.979,7.79,0.123959996,0.05179,0.17958,0.19239001,0.121,0.179,29.947,0.76,0.644,16366999552.0,14995999744.0,0.97,148247707648.0,41524998144.0,17710999552.0,181.22000122070312,293.856997988811,163.52000427246094,1.008528591110125,0.9713838708018067,0.7930898014442387,1.0028276387970245,0.9926288940042101,48.420274114286194,-1.8566910574083693,-2.712350159095517,0.8556591016871478,0.1413550969702097,0.5603345142334859,0.47456892694097697,0.3667361136300215,0.020382854689078987,-0.01814172336781947,-0.20304776787715412,-0.2877188163466037,-0.31270747940917687,0.5024617752937585,0.040817794458044905,0.37292667068860336,0.09856931283374552,2095403.3082706768
ACN,14.77541,3.5510814,8.73,12.2,0.24763,0.11163,0.10606,0.13819,0.083,0.04,25.469,1.336,1.2,12164313088.0,13080248320.0,3.62,110938333184.0,72110325760.0,8347366912.0,180.25999450683594,321.36384797080194,173.83999633789062,0.9525223848346875,0.9177745851014907,0.7524787848451342,0.9753738995968566,0.9467747145311851,38.2501169047735,-5.582583541750779,-4.778385397301083,-0.8041981444496962,0.16047641287272318,0.2041458347964956,0.4208148517016757,0.3033547949267268,-0.07082477058331992,-0.07978404034096893,-0.3277792344861131,-0.2750781237295785,-0.3769894274798613,1.0149611763216295,0.039307186284895844,0.434739517900357,0.018590683525112204,-1153635.8646616524
LIN,34.592873,6.119106,19.365,14.59,0.17817,0.07172,0.20297001,0.28172,0.058,-0.094,70.63,0.877,0.692,4786500096.0,10350000128.0,1.27,233879650304.0,33986000896.0,28068999168.0,504.7099914550781,515.6300048828125,386.48182728929964,1.006696872172004,1.017831422797196,1.099528736547694,1.0021876314493166,1.0106679260939644,55.03127510023351,4.2256675093357785,3.8055765114642366,0.4200909978715419,0.04640315196043714,0.6443193379991451,0.17692409027749503,0.1776293658481461,0.013595993453987492,0.010916119021853143,0.1216063587775947,0.14264267594303928,0.1417805282681231,0.7613824936017722,0.017820233884320358,0.011825763181442732,0.30054260255778126,-60410.827067670005
TMO,25.646864,3.284539,18.902,18.18,0.13523,0.04996,0.15151,0.17892,0.062,0.113,82.905,1.526,0.852,5511000064.0,8287000064.0,0.38,173272186880.0,45197000704.0,43161001984.0,466.260009765625,643.3539757198577,384.44484600055983,0.9339265211945121,0.9383706275190844,0.8873571941480988,0.9551999816353078,0.9418725862451226,36.544924202577825,-6.9069607594117315,-1.450654609954142,0.27814745857601253,0.1776044561859994,0.12797398092145157,0.4200985207562057,0.2849357468710083,-0.12302739527724003,-0.028726129315705673,-0.23239208835324013,-0.1715351459155626,0.11068423824274934,0.6977522463697005,0.034019723033849536,0.27012128905425187,0.19789678212808937,-208896.91729323257
CSCO,32.219425,7.4116673,22.697,2.78,0.23754999,0.06994,0.18756,0.24868,0.097,0.312,66.509,0.955,0.737,10129500160.0,13324999680.0,1.88,353791934464.0,59053998080.0,31740000256.0,89.56999969482422,90.44999694824219,55.18967668484735,1.0573035610235386,1.1068420960546188,1.2085342432305715,1.0292839349245348,1.0598599926709176,66.58556292136338,2.510500831086617,2.2349241367093855,0.2755766943772313,0.1767942311141408,0.8241257402032691,0.24641835496746597,0.2416454343313954,0.08754248459253235,0.16894277963610801,0.14051863150420546,0.26820613520366277,0.6120982213752308,0.8930864499567226,0.023887649812855925,0.002561284511327102,0.5980409632005795,6634430.4511278
ABT,25.582634,3.042508,13.54,3.57,0.245135,0.08571,0.13904999,0.16499001,0.078,-0.197,26.787,1.1465,0.7705,9033812480.0,14813499904.0,2.76,158702583808.0,45134000128.0,14136000512.0,91.33000183105469,136.2761117482488,90.72000122070312,0.937757391000877,0.8744854346717572,0.7633452942879384,0.9659096605510954,0.9300889637375995,31.483743843182893,-3.641551827843756,-3.403485287252402,-0.2380665405913538,0.17430104438136024,0.14290168644692733,0.30919499663139366,0.22145882226832977,-0.10072859367328162,-0.09792920494557722,-0.13339962102359826,-0.27371825211224854,-0.2805086755675635,0.744055715087739,0.026307763942489987,0.325060001903462,0.002194717257376163,-1234371.278195488
ADBE,14.185789,8.649503,10.322,17.17,0.58774,0.18905,0.29477,0.38762,0.12,0.111,58.34,0.912,0.789,9321374720.0,10506999808.0,2.19,98450997248.0,24452999168.0,6670000128.0,243.57000732421875,422.95001220703125,224.1300048828125,1.006749720165608,0.970285559553019,0.7722853893005327,1.0000979810126889,0.9925981430228702,48.49954227684207,-1.8401773558431387,-2.8489937951946,1.0088164393514614,0.10659365293971093,0.5633219706751726,0.4670637558743023,0.3433007485398889,-0.004455147231159113,0.010119032853634595,-0.1869616855548392,-0.3192565242200234,-0.3392382112999982,0.503191810438919,0.038195347052558504,0.42100881533498896,0.08085201121465103,-531011.9548872171
NKE,29.203947,4.6628146,17.82,1.52,0.16016,0.05195,0.04836,0.06942,0.001,-0.348,79.333,2.139,1.239,1313874944.0,1694000000.0,3.69,65736572928.0,46522998784.0,11178000384.0,44.38999938964844,78.72701901337247,42.09000015258789,0.9951241356978331,0.8509061893390325,0.6971345823673349,0.9808308650295366,0.9420311904760079,35.06216397404121,-1.8640339395562435,-2.3300485474777233,0.46601460792147975,0.1022893929963795,0.45233264995189215,0.6114453633221489,0.3939383950734319,-0.023107378274509285,-0.13368466167902213,-0.28205914761979384,-0.34436624979589925,-0.20600204562466268,0.45446811223112854,0.03141346118898716,0.42953528530265694,0.041529809998176785,4425212.330827066
DIS,14.918999,1.658508,11.704,6.79,0.12024,0.04366,0.128,0.15361,0.052,-0.043,40.909,0.669,0.545,3174500096.0,15630999552.0,1.48,179454967808.0,95715999744.0,46640001024.0,101.30000305175781,123.85203565522283,87.59131252721842,0.9994327304393572,1.0019009671395698,0.9259031867461108,0.9898005353189082,0.9969883989490959,48.85484754494933,0.7378558047011836,0.7755329789871024,-0.03767717428591877,0.1255498834939422,0.4954817197367596,0.20482173209954752,0.2770046893053531,-0.01688662508064212,0.07400342853602256,-0.0753924305485532,-0.0921720383172821,0.13598366077351062,0.7422511249179223,0.020441275244399867,0.17760354844136303,0.12785260168758344,2584056.315789477
TXN,46.099316,14.602159,29.309,5.84,0.32347,0.12161,0.29108,0.37824002,0.186,0.313,83.741,4.456,2.827,1068249984.0,7824000000.0,2.11,245015183360.0,18438000640.0,14049999872.0,269.2200012207031,287.8299865722656,151.43939640123875,1.1705268308893235,1.2685473586847633,1.4107497527003403,1.0773831561283536,1.1622856537451451,73.95552764243311,18.253440285514785,13.275835512049813,4.9776047734649715,0.11866507133615317,0.8580640386192462,0.28336033117623644,0.3849686551222946,0.010493747351640095,0.44415837284109044,0.2535377859511081,0.6138123279786252,0.709685815373023,1.0182610298691899,0.033692177481696894,0.04609718761005623,0.7672815163465208,3035185.9398496216
NEE,23.901014,3.5561345,21.908,3.94,0.10325,0.02412,0.29369,0.30175,0.073,1.6,156.686,0.542,0.338,-18453374976.0,12330000384.0,2.65,196376592384.0,27865999360.0,104403001344.0,94.16999816894531,97.62999725341797,62.035073574638794,1.010711347400632,1.0184580721776917,1.1450573754542615,1.0044726744785062,1.0128575158274151,54.11939649655205,0.7761058013476685,0.4953875785728748,0.2807182227747937,0.07564495673079308,0.6416002845867412,0.3007848876570136,0.2645250191401609,0.0321131123824725,0.023030907625233545,0.08270079553581368,0.10954468849993905,0.465034273212177,1.0914607585429965,0.023737225237362103,0.024246232675262824,0.4681393754979319,-264811.2781954921
PM,22.88467,-25.344238,16.246,7.11,0.245135,0.15456,0.26742,0.36044,0.091,-0.093,66.509,0.976,0.452,8575249920.0,12184000512.0,3.61,253593124864.0,41493000192.0,51975000064.0,162.7100067138672,189.60739461359395,139.57953994024888,1.0147241713790704,0.9695596369669676,1.0050607208211468,1.0037585090617283,0.9992790696282654,49.72849108783636,-0.7266443498333217,-1.7972421137001764,1.0705977638668547,0.09067267765102549,0.6623881830835494,0.4245412103017774,0.2565132407727095,0.035116764340776443,-0.012861706568203676,-0.08078553740320367,0.0812596291495969,-0.004105973414279773,0.7660995911214953,0.029584266933041423,0.13507638614235623,0.14778495700500646,-42342.706766927986
DHR,34.58414,2.3897994,17.711,5.17,0.0708,0.0419,0.14887999,0.22937,0.037,0.098,37.17,1.868,1.402,4568500224.0,6439000064.0,0.89,126549393408.0,24778000384.0,19683999744.0,178.8000030517578,242.28353610573208,175.0,0.9427197810220869,0.9213100021038051,0.8587820246707594,0.9672848906166214,0.9459981153839659,35.559026914797485,-4.159419477357858,-2.845761075752836,-1.313658401605022,0.14753140551965954,0.11174219972926247,0.31321397751154667,0.2876130539214006,-0.09760773391271656,-0.027679571237070502,-0.20200791983084893,-0.18813992981933958,-0.0810467930769033,1.2889780813314833,0.029930114712456175,0.25973503351106975,0.008744728077618124,-1305011.0526315786
RTX,32.47932,3.5548377,17.465,5.32,0.11571,0.040510003,0.080290005,0.13182001,0.087,0.325,57.229,1.024,0.646,7233375232.0,11116999680.0,1.57,232693415936.0,90372997120.0,38934999040.0,172.7899932861328,214.5,121.54817153071171,0.9023800794407706,0.8752865026254935,0.9725073165417256,0.9436648423071133,0.9113075297220987,26.162845349066984,-6.501421130718143,-4.020063739411067,-2.4813573913070757,0.22613194774789733,0.0683054892002226,0.2741855563972027,0.2470568032213103,-0.12903879319660594,-0.07672990156918896,-0.13083378963932868,-0.02896062707865366,0.4079070937588333,1.0130238156096598,0.03009420824722678,0.18556754193254113,0.3974932048780858,-2834163.6090225587
AMGN,23.754042,21.035534,13.752,14.23,1.0610299,0.07931,0.20982,0.30549,0.086,1.121,66.509,1.14,0.734,7501875200.0,9957999616.0,2.98,182215639040.0,36750999552.0,55435001856.0,338.0199890136719,391.2900085449219,253.47774475265845,0.973310381477899,0.9407998803575714,1.0511555974109419,0.9803621356149742,0.969012984042337,37.472210359258675,-4.038217011882523,-3.3574508009068267,-0.6807662109756962,0.05825624586243447,0.04185824838206083,0.19771492948208713,0.27589561958293457,-0.029291861958746144,-0.031461349531026146,-0.005428719125607889,0.17732432565729334,0.23149725309546543,1.0468552307384964,0.022039152619258536,0.1291735732053528,0.32920751072442467,-160754.6616541411
QCOM,16.774193,7.2615557,12.311,9.3,0.2148,0.14047,0.11958,0.27473,0.05,-0.018,64.218,2.505,1.626,10423374848.0,14389999616.0,2.36,166615040000.0,44866998272.0,14817000448.0,156.0,203.59584897530524,121.98999786376953,1.1541833536592594,1.1550702525675174,1.005931936990032,1.0960940492151798,1.1326035267917354,78.36610644882711,4.587800108681648,1.8095884865331127,2.7782116221485356,0.2657306951731447,1.080224100790451,0.44374713706647795,0.39062212136498514,0.1724915176387813,0.22766979125407324,0.028170247815031017,-0.15918685775488045,0.08152810936200139,2.616724660247178,0.034606520839597144,0.15918685775488045,0.2573547222029033,6881972.18045113
LOW,19.721283,-13.209255,14.07,11.84,0.245135,0.13119,0.07712,0.08555,0.109,-0.11,66.509,1.077,0.106,4987375104.0,9863999488.0,2.06,130774687744.0,86286000128.0,44677001216.0,233.5,291.6599807878868,206.27271050154138,0.9640970181871575,0.9486980061183079,0.946065407035464,0.9635316794722484,0.9613031161696893,39.81676607375907,-0.5618048852831237,-0.0820121437065077,-0.479792741576616,0.10497387174935928,0.15798173188690026,0.3203355374307841,0.24707262940985647,-0.03839977277497307,0.008774817651101753,-0.12916329963647455,-0.03273332332944429,0.0766125208144138,1.3119028711306868,0.028575645903563665,0.18361521639297804,0.12931196839301856,97166.01503759356
HON,33.540672,9.805567,18.73,6.27,0.24264,0.05953,0.1089,0.21,0.024,-0.419,257.387,1.385,0.926,2936875008.0,5160999936.0,2.26,133257256960.0,37660000256.0,37751001088.0,210.3000030517578,248.17999267578125,185.8373534576928,0.9325963152717083,0.9101963005830346,1.000845089817624,0.9594538723605399,0.9387700331883572,30.196885644403608,-4.829332563359941,-2.8073577278704307,-2.02197483548951,0.15055279580657996,0.05229204235511246,0.25434705220712894,0.22916390418973276,-0.09427623566683253,-0.058976163091796145,-0.02444566050559689,0.04886377196475168,0.1358118060395507,1.1837208140119044,0.026090697071219627,0.1521528433152273,0.12333420001418205,-2153813.533834588
UPS,17.250809,5.5778785,9.526,6.18,0.33353,0.072670005,0.05943,0.06292,-0.016,-0.272,181.508,1.213,1.073,4676749824.0,8355999744.0,2.19,90583629824.0,88317001728.0,28661999616.0,106.61000061035156,120.72640319855104,79.49033867248721,1.0314584741921022,1.0254373154837866,1.1162419167045454,1.012292352368366,1.026241165321398,57.28715510037425,1.4314619525109862,1.0133561720782085,0.4181057804327777,0.1369802486145011,0.7296570090235036,0.2440056707695866,0.29578913470454504,0.029352137921066963,0.12280151697598593,0.04239870104351871,0.23263711178587362,0.17310098966013568,1.2078403775947,0.025602633092880293,0.09919385324379758,0.3317495584767742,2515736.6165413563
MDT,22.170393,2.0794363,12.903,3.58,0.0939,0.04567,0.13,0.20007,0.087,-0.118,57.06,2.535,1.553,4073125120.0,7285000192.0,3.58,101901950976.0,35484000256.0,28071000064.0,79.37000274658203,104.69904541598052,77.46787346683175,0.9306225156351956,0.8958146681328224,0.8535143855412624,0.9507595041638319,0.9286512354702199,26.963593588355906,-1.9874115670564265,-1.6096589427155006,-0.37775262434092594,0.11465883436370487,-0.10507753065703371,0.2286378360008877,0.20523306448244072,-0.08874851737036227,-0.07429432325515858,-0.206091549760645,-0.14366936133423538,-0.025552403516603907,1.3024657478125654,0.023954886794783876,0.2348704443865216,0.015029546367038422,-917290.1503759397
BMY,16.644508,6.3474045,8.047,3.46,0.40442002,0.10293,0.14637,0.28163,0.013,0.10250000000000001,254.982,1.255,1.076,11146874880.0,14156000256.0,4.38,117583544320.0,48193998848.0,47187001344.0,57.59000015258789,62.24815957913965,41.455154204548,0.9787310050957002,0.9732910143158369,1.1313942721356287,0.9842812124186722,0.9815465444514743,43.86696228835908,-0.1630127557204375,-0.02760981845047138,-0.1354029372699661,0.0592645783872722,0.14111792434741058,0.24020614046525818,0.2872097058464448,-0.005182229058965771,-0.025886335071206648,0.0652473550991746,0.35679666752045724,0.2477847646157432,1.0603371037248268,0.02180617187557397,0.06711864963964166,0.38195790581406674,-442609.54887218087
SBUX,80.534355,-14.326453,26.496,1.31,0.245135,0.07377,0.03888,0.084180005,0.088,0.326,66.509,0.922,0.261,-1304087552.0,4345699840.0,2.35,120238350336.0,38471598080.0,24408500224.0,105.5,107.2699966430664,73.4727287993859,1.0824287487886068,1.0938196590314102,1.1823693327386893,1.0652326568220924,1.0822854806196498,69.48116707798381,1.5604952818442257,1.0890191732031997,0.47147610864102596,0.12955632091885114,1.1362387277131532,0.36169423603675244,0.3757865879477596,0.07280866309480032,0.2165590234656665,0.11580873260323196,0.22618038328955098,0.29214495695060394,1.0139924959656446,0.026237955466087075,0.0,0.3630825244728196,863026.7669172942
INTU,25.704618,5.7533965,18.532,15.37,0.23457001,0.10328,0.2157,0.18383,0.174,0.485,36.148,1.323,0.479,5301374976.0,6983000064.0,1.17,109940523008.0,20120999936.0,6888000000.0,395.0799865722656,808.2248144461021,342.1099853515625,1.0051600049213005,0.9563472026673253,0.6702387868190065,0.9994004075664282,0.9805058122563772,46.76002894076396,-7.6178590037669665,-10.36976588970065,2.7519068859336837,0.19486886351660593,0.5264793709378858,0.547965432734238,0.35129563710468253,0.013753426395293158,-0.07628626577079764,-0.26433843209412117,-0.4190275010507872,-0.3557500561343275,0.5636858801699887,0.046251980040055325,0.5073553184241314,0.12577643991505097,-509659.32330827013
